,Time,xVolt,yVolt,XAxis,YAxis
0,0,,,1633,1637
1,1,,,1630,1643
2,2,,,1633,1640
3,3,,,1643,1630
4,3,,,1637,1646
5,4,,,1630,1646
6,5,,,1650,1640
7,6,,,1653,1640
8,8,,,1646,1646
9,10,,,1643,1643
10,12,,,1637,1640
11,14,,,1646,1643
12,17,,,1646,1640
13,19,,,1650,1643
14,22,,,1653,1653
15,25,,,1656,1643
16,27,,,1656,1656
17,29,,,1653,1646
18,32,,,1656,1646
19,34,,,1659,1643
20,36,,,1656,1640
21,39,,,1666,1650
22,41,,,1662,1662
23,43,,,1656,1662
24,46,,,1653,1656
25,48,,,1659,1650
26,50,,,1653,1656
27,53,,,1666,1653
28,55,,,1656,1666
29,57,,,1659,1659
30,59,,,1653,1662
31,62,,,1662,1666
32,65,,,1637,1669
33,67,,,1659,1659
34,70,,,1646,1672
35,72,,,1659,1669
36,74,,,1653,1669
37,77,,,1643,1669
38,79,,,1650,1669
39,81,,,1643,1650
40,84,,,1662,1656
41,86,,,1646,1675
42,88,,,1640,1679
43,91,,,1643,1662
44,93,,,1640,1675
45,95,,,1646,1656
46,98,,,1646,1666
47,100,,,1637,1656
48,102,,,1646,1659
49,106,,,1650,1659
50,108,,,1643,1662
51,111,,,1640,1650
52,113,,,1630,1643
53,116,,,1630,1659
54,118,,,1640,1646
55,121,,,1630,1659
56,123,,,1627,1650
57,126,,,1646,1650
58,128,,,1653,1643
59,131,,,1643,1646
60,133,,,1643,1643
61,136,,,1650,1656
62,138,,,1646,1646
63,141,,,1640,1653
64,143,,,1646,1640
65,146,,,1633,1643
66,149,,,1646,1646
67,152,,,1633,1650
68,154,,,1633,1640
69,157,,,1646,1640
70,159,,,1643,1633
71,162,,,1643,1630
72,164,,,1643,1630
73,167,,,1646,1624
74,169,,,1646,1643
75,172,,,1637,1640
76,174,,,1650,1640
77,177,,,1662,1633
78,179,,,1650,1650
79,182,,,1653,1640
80,184,,,1656,1646
81,187,,,1653,1650
82,189,,,1659,1646
83,193,,,1659,1646
84,195,,,1653,1659
85,198,,,1653,1659
86,200,,,1656,1653
87,203,,,1650,1659
88,205,,,1656,1662
89,208,,,1656,1653
90,210,,,1659,1659
91,213,,,1659,1659
92,215,,,1653,1662
93,218,,,1650,1659
94,220,,,1656,1662
95,223,,,1640,1659
96,225,,,1650,1669
97,228,,,1640,1666
98,230,,,1640,1672
99,232,,,1633,1646
100,236,,,1640,1659
101,238,,,1640,1669
102,241,,,1637,1672
103,243,,,1646,1669
104,246,,,1637,1656
105,248,,,1646,1653
106,251,,,1643,1669
107,253,,,1630,1672
108,256,,,1659,1666
109,258,,,1646,1662
110,261,,,1637,1659
111,263,,,1640,1653
112,266,,,1633,1662
113,268,,,1646,1643
114,271,,,1643,1640
115,273,,,1643,1640
116,277,,,1650,1666
117,279,,,1637,1650
118,282,,,1653,1643
119,284,,,1646,1659
120,287,,,1653,1643
121,289,,,1650,1643
122,292,,,1656,1643
123,294,,,1653,1640
124,297,,,1646,1633
125,299,,,1650,1640
126,302,,,1650,1637
127,304,,,1666,1640
128,307,,,1653,1637
129,309,,,1653,1646
130,312,,,1637,1633
131,314,,,1646,1633
132,317,,,1646,1633
133,320,,,1650,1643
134,323,,,1653,1640
135,325,,,1662,1640
136,328,,,1643,1633
137,330,,,1650,1637
138,333,,,1646,1650
139,335,,,1643,1656
140,338,,,1650,1643
141,340,,,1650,1646
142,343,,,1640,1656
143,345,,,1643,1643
144,348,,,1633,1650
145,350,,,1646,1643
146,353,,,1646,1653
147,355,,,1650,1669
148,358,,,1650,1637
149,360,,,1640,1656
150,363,,,1633,1653
151,366,,,1630,1662
152,368,,,1643,1666
153,371,,,1646,1662
154,373,,,1633,1656
155,376,,,1646,1679
156,378,,,1640,1662
157,381,,,1630,1650
158,383,,,1646,1659
159,386,,,1650,1662
160,388,,,1656,1669
161,391,,,1659,1669
162,393,,,1650,1669
163,396,,,1643,1656
164,398,,,1650,1653
165,401,,,1653,1666
166,403,,,1653,1669
167,407,,,1650,1653
168,409,,,1656,1662
169,412,,,1653,1650
170,414,,,1659,1666
171,417,,,1637,1666
172,419,,,1640,1659
173,422,,,1653,1659
174,424,,,1650,1659
175,427,,,1662,1653
176,429,,,1633,1643
177,432,,,1662,1650
178,434,,,1672,1646
179,437,,,1662,1637
180,439,,,1672,1646
181,442,,,1675,1643
182,444,,,1666,1637
183,448,,,1679,1630
184,450,,,1691,1637
185,453,,,1698,1637
186,455,,,1708,1640
187,458,,,1708,1633
188,460,,,1727,1633
189,463,,,1749,1624
190,465,,,1749,1617
191,468,,,1775,1614
192,470,,,1785,1617
193,473,,,1807,1620
194,475,,,1811,1620
195,478,,,1820,1601
196,480,,,1824,1614
197,483,,,1817,1611
198,485,,,1827,1604
199,488,,,1811,1620
200,491,,,1817,1643
201,493,,,1811,1630
202,496,,,1804,1637
203,498,,,1785,1627
204,501,,,1775,1646
205,503,,,1740,1637
206,506,,,1743,1675
207,508,,,1679,1672
208,511,,,1659,1675
209,513,,,1688,1730
210,516,,,1582,1691
211,518,,,1556,1708
212,521,,,1527,1708
213,523,,,1492,1717
214,526,,,1417,1733
215,528,,,1385,1724
216,531,,,1350,1708
217,534,,,1295,1737
218,537,,,1269,1730
219,539,,,1234,1733
220,542,,,1208,1730
221,544,,,1182,1733
222,547,,,1192,1720
223,549,,,1189,1724
224,552,,,1182,1714
225,554,,,1211,1708
226,557,,,1218,1711
227,559,,,1243,1695
228,562,,,1272,1685
229,564,,,1305,1666
230,567,,,1334,1675
231,569,,,1385,1662
232,572,,,1411,1675
233,574,,,1488,1637
234,578,,,1514,1646
235,580,,,1553,1640
236,583,,,1608,1617
237,585,,,1643,1611
238,588,,,1679,1624
239,590,,,1772,1608
240,593,,,1804,1608
241,595,,,1775,1585
242,598,,,1907,1572
243,600,,,1943,1562
244,603,,,1911,1585
245,605,,,1962,1524
246,608,,,2033,1569
247,610,,,2075,1569
248,613,,,2052,1566
249,615,,,2120,1540
250,619,,,2104,1556
251,621,,,2133,1556
252,623,,,2110,1582
253,626,,,2110,1585
254,628,,,2117,1585
255,631,,,2094,1608
256,633,,,2091,1614
257,636,,,2052,1640
258,638,,,2049,1646
259,641,,,2014,1666
260,643,,,1975,1669
261,646,,,1936,1688
262,648,,,1920,1675
263,651,,,1862,1685
264,653,,,1824,1695
265,656,,,1762,1698
266,658,,,1685,1711
267,662,,,1630,1737
268,664,,,1591,1714
269,667,,,1530,1714
270,669,,,1495,1691
271,672,,,1475,1698
272,674,,,1382,1733
273,677,,,1311,1682
274,679,,,1405,1675
275,682,,,1243,1730
276,684,,,1279,1685
277,687,,,1314,1711
278,689,,,1211,1704
279,692,,,1218,1682
280,694,,,1269,1675
281,697,,,1218,1682
282,699,,,1198,1688
283,702,,,1237,1701
284,705,,,1243,1675
285,708,,,1205,1701
286,710,,,1263,1695
287,713,,,1260,1704
288,715,,,1266,1698
289,718,,,1301,1691
290,720,,,1334,1698
291,723,,,1334,1672
292,725,,,1395,1679
293,728,,,1463,1643
294,730,,,1475,1666
295,733,,,1537,1627
296,735,,,1685,1611
297,738,,,1785,1608
298,740,,,1740,1559
299,743,,,1869,1556
300,746,,,1907,1517
301,749,,,1959,1533
302,751,,,1962,1517
303,753,,,2107,1517
304,756,,,2117,1546
305,758,,,2178,1527
306,761,,,2194,1533
307,763,,,2204,1533
308,766,,,2204,1553
309,768,,,2201,1585
310,771,,,2197,1608
311,773,,,2172,1627
312,776,,,2149,1659
313,778,,,2114,1656
314,781,,,2075,1688
315,783,,,2027,1698
316,786,,,2007,1695
317,789,,,1962,1708
318,792,,,1869,1711
319,794,,,1820,1762
320,797,,,1756,1724
321,799,,,1708,1737
322,802,,,1675,1724
323,804,,,1595,1766
324,807,,,1495,1714
325,809,,,1492,1759
326,812,,,1411,1775
327,814,,,1308,1717
328,817,,,1308,1749
329,819,,,1289,1775
330,822,,,1179,1766
331,824,,,1198,1762
332,827,,,1176,1749
333,829,,,1098,1762
334,833,,,1102,1753
335,835,,,1102,1708
336,838,,,1076,1711
337,840,,,1092,1717
338,843,,,1115,1708
339,845,,,1079,1701
340,848,,,1108,1695
341,850,,,1140,1695
342,853,,,1163,1679
343,855,,,1202,1662
344,858,,,1250,1656
345,860,,,1305,1633
346,863,,,1366,1617
347,865,,,1417,1582
348,868,,,1488,1591
349,870,,,1575,1562
350,874,,,1646,1546
351,876,,,1730,1514
352,879,,,1795,1488
353,881,,,1875,1459
354,884,,,2097,1508
355,886,,,1907,1401
356,888,,,2152,1482
357,891,,,2136,1430
358,893,,,2236,1446
359,896,,,2155,1405
360,898,,,2378,1479
361,901,,,2259,1485
362,903,,,2275,1498
363,906,,,2323,1475
364,908,,,2304,1530
365,911,,,2278,1566
366,913,,,2223,1575
367,917,,,2239,1595
368,919,,,2178,1611
369,922,,,2130,1633
370,924,,,2075,1662
371,927,,,2036,1666
372,929,,,1917,1679
373,932,,,1856,1714
374,934,,,1727,1766
375,937,,,1727,1753
376,939,,,1633,1714
377,942,,,1575,1827
378,944,,,1492,1807
379,947,,,1492,1795
380,949,,,1292,1817
381,952,,,1324,1833
382,954,,,1392,1804
383,957,,,1169,1830
384,960,,,1182,1836
385,963,,,1247,1817
386,965,,,1140,1849
387,968,,,1063,1856
388,970,,,1144,1836
389,973,,,1098,1856
390,975,,,1050,1869
391,978,,,1060,1869
392,980,,,1076,1853
393,983,,,1057,1853
394,985,,,1076,1849
395,988,,,1115,1840
396,990,,,1121,1820
397,993,,,1169,1801
398,995,,,1211,1788
399,998,,,1250,1727
400,1000,,,1311,1711
401,1004,,,1379,1704
402,1006,,,1437,1682
403,1009,,,1508,1630
404,1012,,,1527,1598
405,1014,,,1637,1585
406,1017,,,1743,1533
407,1020,,,1701,1524
408,1022,,,1769,1562
409,1025,,,1891,1492
410,1028,,,1891,1482
411,1030,,,1820,1482
412,1033,,,2017,1466
413,1036,,,2014,1511
414,1038,,,1988,1453
415,1041,,,2062,1482
416,1045,,,2094,1495
417,1047,,,2252,1443
418,1050,,,2165,1482
419,1053,,,2233,1443
420,1055,,,2271,1472
421,1058,,,2342,1488
422,1060,,,2230,1417
423,1063,,,2320,1466
424,1066,,,2336,1463
425,1068,,,2265,1456
426,1071,,,2255,1463
427,1074,,,2239,1495
428,1076,,,2210,1501
429,1079,,,2094,1498
430,1082,,,2072,1579
431,1084,,,2033,1533
432,1088,,,1965,1579
433,1091,,,1872,1624
434,1093,,,1824,1653
435,1096,,,1679,1727
436,1099,,,1672,1733
437,1101,,,1553,1766
438,1104,,,1453,1801
439,1107,,,1285,1811
440,1109,,,1276,1875
441,1112,,,1269,1830
442,1115,,,1024,1820
443,1117,,,1108,1907
444,1120,,,1037,1788
445,1123,,,1011,1833
446,1125,,,989,1846
447,1128,,,973,1840
448,1131,,,986,1830
449,1134,,,934,1830
450,1136,,,966,1820
451,1139,,,963,1814
452,1141,,,992,1814
453,1144,,,979,1807
454,1146,,,1005,1795
455,1149,,,1057,1778
456,1151,,,1069,1775
457,1154,,,1147,1766
458,1157,,,1176,1746
459,1159,,,1231,1737
460,1162,,,1289,1727
461,1165,,,1363,1698
462,1167,,,1427,1685
463,1170,,,1482,1672
464,1174,,,1569,1666
465,1176,,,1598,1617
466,1179,,,1640,1630
467,1182,,,1727,1588
468,1184,,,1962,1608
469,1187,,,1737,1504
470,1190,,,2020,1595
471,1192,,,1943,1546
472,1195,,,2056,1546
473,1198,,,2046,1492
474,1200,,,2168,1492
475,1203,,,2149,1466
476,1206,,,2162,1498
477,1208,,,2230,1469
478,1211,,,2213,1482
479,1214,,,2320,1430
480,1217,,,2120,1517
481,1220,,,2265,1446
482,1223,,,2178,1504
483,1225,,,2168,1540
484,1228,,,2172,1495
485,1231,,,2081,1588
486,1233,,,2104,1540
487,1236,,,2043,1617
488,1238,,,2036,1588
489,1241,,,1994,1662
490,1244,,,1956,1646
491,1246,,,1959,1666
492,1249,,,1882,1646
493,1252,,,1872,1714
494,1254,,,1859,1672
495,1258,,,1840,1704
496,1261,,,1775,1698
497,1263,,,1740,1691
498,1266,,,1704,1717
499,1269,,,1633,1727
500,1271,,,1633,1698
501,1274,,,1624,1682
502,1277,,,1501,1746
503,1279,,,1443,1672
504,1282,,,1427,1688
505,1285,,,1446,1717
506,1287,,,1266,1740
507,1290,,,1334,1769
508,1293,,,1269,1727
509,1295,,,1166,1756
510,1298,,,1150,1762
511,1302,,,1179,1772
512,1304,,,1131,1807
513,1307,,,1108,1791
514,1310,,,1118,1785
515,1312,,,1111,1795
516,1315,,,1115,1788
517,1318,,,1121,1782
518,1320,,,1153,1772
519,1323,,,1176,1756
520,1325,,,1192,1724
521,1328,,,1218,1701
522,1331,,,1234,1685
523,1333,,,1263,1675
524,1336,,,1305,1643
525,1339,,,1321,1617
526,1341,,,1369,1585
527,1345,,,1405,1572
528,1348,,,1450,1559
529,1350,,,1504,1553
530,1353,,,1562,1537
531,1356,,,1598,1540
532,1358,,,1653,1524
533,1361,,,1691,1527
534,1364,,,1714,1530
535,1366,,,1907,1553
536,1369,,,1730,1472
537,1372,,,1962,1614
538,1374,,,1885,1533
539,1377,,,1952,1533
540,1380,,,2052,1537
541,1382,,,2097,1569
542,1386,,,2123,1562
543,1389,,,2101,1575
544,1391,,,2184,1553
545,1394,,,2155,1562
546,1397,,,2249,1543
547,1399,,,2188,1582
548,1402,,,2191,1569
549,1405,,,2213,1559
550,1407,,,2165,1595
551,1410,,,2168,1566
552,1412,,,2165,1633
553,1415,,,2155,1646
554,1418,,,2114,1646
555,1420,,,2097,1701
556,1423,,,2088,1717
557,1426,,,2014,1708
558,1429,,,1981,1785
559,1432,,,1975,1769
560,1435,,,1927,1785
561,1437,,,1878,1785
562,1440,,,1798,1801
563,1443,,,1762,1791
564,1445,,,1695,1804
565,1448,,,1637,1791
566,1451,,,1540,1804
567,1453,,,1356,1746
568,1456,,,1527,1749
569,1459,,,1237,1730
570,1461,,,1234,1772
571,1464,,,1263,1701
572,1467,,,1134,1720
573,1469,,,1073,1743
574,1473,,,1086,1685
575,1476,,,1057,1717
576,1478,,,979,1717
577,1481,,,1008,1714
578,1483,,,979,1717
579,1486,,,1005,1737
580,1489,,,999,1740
581,1491,,,1031,1743
582,1494,,,1050,1737
583,1496,,,1079,1733
584,1499,,,1131,1730
585,1502,,,1176,1708
586,1504,,,1214,1685
587,1507,,,1285,1653
588,1510,,,1321,1637
589,1512,,,1356,1598
590,1516,,,1421,1582
591,1519,,,1482,1543
592,1521,,,1537,1537
593,1524,,,1617,1495
594,1527,,,1656,1459
595,1529,,,1727,1446
596,1532,,,1788,1417
597,1535,,,1843,1430
598,1537,,,1901,1421
599,1540,,,1956,1414
600,1542,,,2072,1424
601,1545,,,2046,1372
602,1548,,,2146,1508
603,1550,,,2014,1405
604,1553,,,2213,1527
605,1557,,,2175,1582
606,1559,,,2201,1566
607,1562,,,2204,1617
608,1565,,,2201,1633
609,1567,,,2191,1666
610,1570,,,2172,1685
611,1573,,,2175,1701
612,1575,,,2133,1737
613,1578,,,2120,1737
614,1581,,,2085,1749
615,1583,,,2046,1753
616,1586,,,2020,1740
617,1589,,,2007,1775
618,1591,,,1965,1743
619,1594,,,1923,1766
620,1597,,,1894,1743
621,1600,,,1833,1759
622,1603,,,1746,1840
623,1606,,,1753,1769
624,1608,,,1701,1740
625,1611,,,1640,1820
626,1614,,,1546,1807
627,1616,,,1395,1766
628,1619,,,1408,1859
629,1622,,,1466,1801
630,1624,,,1169,1769
631,1627,,,1279,1804
632,1629,,,1218,1775
633,1632,,,1082,1788
634,1635,,,1092,1753
635,1637,,,1076,1743
636,1640,,,1069,1717
637,1644,,,995,1717
638,1646,,,1037,1650
639,1649,,,1028,1659
640,1652,,,1060,1646
641,1654,,,1060,1624
642,1657,,,1076,1624
643,1660,,,1127,1608
644,1662,,,1144,1614
645,1665,,,1189,1591
646,1667,,,1231,1595
647,1670,,,1298,1608
648,1673,,,1359,1608
649,1675,,,1398,1601
650,1678,,,1450,1579
651,1681,,,1501,1588
652,1683,,,1562,1591
653,1687,,,1653,1646
654,1690,,,1730,1556
655,1692,,,1740,1511
656,1695,,,1943,1521
657,1698,,,1923,1463
658,1700,,,1933,1530
659,1703,,,2085,1475
660,1706,,,2123,1417
661,1708,,,2239,1466
662,1711,,,2207,1443
663,1714,,,2323,1408
664,1716,,,2317,1463
665,1719,,,2391,1388
666,1722,,,2362,1450
667,1724,,,2410,1469
668,1728,,,2387,1488
669,1731,,,2336,1543
670,1733,,,2323,1556
671,1736,,,2323,1617
672,1739,,,2242,1653
673,1741,,,2213,1704
674,1744,,,2146,1711
675,1747,,,2101,1785
676,1749,,,2014,1769
677,1752,,,1930,1833
678,1754,,,1865,1853
679,1757,,,1795,1898
680,1760,,,1675,1907
681,1762,,,1672,1911
682,1765,,,1530,1936
683,1768,,,1353,1904
684,1771,,,1495,1914
685,1774,,,1224,1904
686,1777,,,1160,1904
687,1779,,,1234,1865
688,1782,,,1047,1872
689,1785,,,963,1849
690,1787,,,1015,1833
691,1790,,,937,1795
692,1792,,,921,1824
693,1795,,,876,1769
694,1797,,,860,1737
695,1800,,,860,1749
696,1802,,,895,1753
697,1805,,,873,1708
698,1807,,,915,1711
699,1810,,,937,1698
700,1813,,,970,1688
701,1816,,,1018,1672
702,1818,,,1082,1659
703,1821,,,1153,1650
704,1824,,,1240,1608
705,1826,,,1272,1624
706,1829,,,1350,1582
707,1832,,,1430,1579
708,1834,,,1475,1556
709,1837,,,1537,1559
710,1840,,,1611,1521
711,1842,,,1656,1495
712,1845,,,1830,1550
713,1848,,,1804,1501
714,1850,,,1830,1421
715,1853,,,2075,1434
716,1857,,,2126,1369
717,1859,,,2114,1495
718,1862,,,2230,1337
719,1865,,,2317,1421
720,1867,,,2333,1456
721,1870,,,2439,1363
722,1873,,,2468,1456
723,1875,,,2475,1398
724,1878,,,2452,1456
725,1881,,,2497,1492
726,1883,,,2458,1475
727,1886,,,2465,1527
728,1888,,,2397,1517
729,1891,,,2410,1579
730,1894,,,2320,1588
731,1896,,,2242,1591
732,1900,,,2207,1662
733,1903,,,2117,1633
734,1905,,,2068,1717
735,1908,,,1988,1666
736,1911,,,1894,1740
737,1913,,,1820,1785
738,1916,,,1669,1801
739,1919,,,1666,1733
740,1921,,,1575,1820
741,1924,,,1466,1917
742,1927,,,1289,1833
743,1929,,,1359,1965
744,1932,,,1189,1978
745,1935,,,1102,1885
746,1937,,,1121,1978
747,1941,,,1008,1962
748,1944,,,928,1930
749,1946,,,918,1923
750,1949,,,863,1923
751,1951,,,834,1891
752,1954,,,799,1853
753,1956,,,802,1820
754,1959,,,815,1827
755,1961,,,854,1807
756,1964,,,841,1775
757,1966,,,860,1756
758,1968,,,931,1743
759,1971,,,963,1720
760,1973,,,1050,1698
761,1976,,,1108,1659
762,1979,,,1189,1640
763,1981,,,1289,1633
764,1985,,,1353,1562
765,1988,,,1430,1595
766,1990,,,1546,1575
767,1993,,,1633,1524
768,1996,,,1720,1514
769,1998,,,1801,1485
770,2001,,,1898,1459
771,2004,,,1978,1456
772,2006,,,2239,1414
773,2009,,,1972,1356
774,2012,,,2275,1450
775,2014,,,2110,1366
776,2017,,,2342,1421
777,2020,,,2252,1398
778,2022,,,2394,1417
779,2026,,,2265,1440
780,2029,,,2323,1446
781,2031,,,2333,1446
782,2034,,,2313,1463
783,2037,,,2329,1508
784,2039,,,2297,1511
785,2042,,,2271,1537
786,2045,,,2220,1546
787,2047,,,2152,1608
788,2050,,,2143,1611
789,2053,,,2088,1646
790,2055,,,2014,1675
791,2058,,,1975,1704
792,2060,,,1885,1727
793,2063,,,1791,1740
794,2066,,,1688,1798
795,2069,,,1695,1762
796,2072,,,1611,1798
797,2075,,,1453,1875
798,2077,,,1327,1791
799,2080,,,1405,1888
800,2083,,,1260,1869
801,2085,,,1144,1833
802,2088,,,1253,1875
803,2091,,,1115,1875
804,2093,,,1018,1849
805,2096,,,1076,1843
806,2099,,,1034,1814
807,2101,,,982,1840
808,2104,,,1024,1801
809,2106,,,1018,1801
810,2109,,,1015,1798
811,2113,,,1053,1798
812,2115,,,1060,1756
813,2118,,,1098,1772
814,2121,,,1163,1753
815,2123,,,1173,1737
816,2126,,,1253,1720
817,2129,,,1334,1691
818,2131,,,1459,1640
819,2134,,,1569,1598
820,2137,,,1575,1585
821,2139,,,1672,1537
822,2142,,,1753,1498
823,2145,,,1785,1511
824,2147,,,1898,1446
825,2150,,,2030,1459
826,2154,,,1985,1376
827,2156,,,2152,1414
828,2159,,,2130,1372
829,2162,,,2168,1414
830,2164,,,2172,1411
831,2167,,,2181,1437
832,2170,,,2168,1440
833,2172,,,2194,1456
834,2175,,,2184,1492
835,2178,,,2181,1504
836,2180,,,2168,1530
837,2183,,,2130,1550
838,2186,,,2117,1572
839,2188,,,2091,1598
840,2191,,,2036,1617
841,2193,,,1956,1640
842,2197,,,1940,1666
843,2200,,,1878,1662
844,2202,,,1807,1675
845,2205,,,1762,1679
846,2208,,,1675,1740
847,2210,,,1608,1708
848,2213,,,1540,1730
849,2216,,,1401,1795
850,2218,,,1379,1778
851,2221,,,1363,1820
852,2224,,,1240,1846
853,2226,,,1279,1807
854,2229,,,1176,1846
855,2232,,,1176,1894
856,2234,,,1140,1862
857,2237,,,1137,1849
858,2241,,,1121,1885
859,2243,,,1156,1891
860,2246,,,1121,1862
861,2249,,,1137,1859
862,2251,,,1166,1862
863,2254,,,1218,1846
864,2257,,,1211,1833
865,2259,,,1266,1827
866,2262,,,1340,1788
867,2265,,,1379,1749
868,2267,,,1408,1659
869,2270,,,1495,1717
870,2273,,,1569,1675
871,2275,,,1591,1608
872,2278,,,1640,1595
873,2280,,,1704,1598
874,2284,,,1820,1527
875,2287,,,1846,1508
876,2289,,,1914,1517
877,2292,,,2004,1501
878,2295,,,1988,1475
879,2297,,,2052,1475
880,2300,,,2139,1434
881,2303,,,2159,1463
882,2305,,,2181,1437
883,2308,,,2149,1479
884,2311,,,2213,1446
885,2313,,,2201,1469
886,2316,,,2149,1495
887,2319,,,2152,1492
888,2321,,,2143,1511
889,2325,,,2081,1524
890,2328,,,2046,1511
891,2330,,,2043,1508
892,2333,,,1985,1511
893,2336,,,1917,1559
894,2338,,,1882,1533
895,2341,,,1849,1579
896,2344,,,1775,1575
897,2346,,,1737,1598
898,2349,,,1617,1708
899,2352,,,1646,1588
900,2354,,,1472,1743
901,2357,,,1398,1753
902,2360,,,1550,1727
903,2362,,,1198,1775
904,2365,,,1256,1840
905,2368,,,1305,1824
906,2371,,,1121,1853
907,2374,,,1124,1869
908,2376,,,1127,1875
909,2379,,,1115,1878
910,2382,,,1008,1885
911,2384,,,1063,1856
912,2387,,,1079,1846
913,2390,,,1066,1853
914,2392,,,1079,1820
915,2395,,,1124,1804
916,2398,,,1192,1782
917,2400,,,1205,1753
918,2403,,,1282,1727
919,2406,,,1321,1711
920,2408,,,1395,1698
921,2412,,,1450,1666
922,2415,,,1501,1646
923,2417,,,1546,1650
924,2420,,,1614,1637
925,2423,,,1650,1643
926,2425,,,1682,1637
927,2428,,,1743,1598
928,2431,,,1795,1608
929,2433,,,1920,1633
930,2436,,,1859,1617
931,2439,,,1930,1579
932,2441,,,2014,1579
933,2444,,,2056,1501
934,2447,,,2023,1540
935,2449,,,2181,1495
936,2453,,,2107,1524
937,2455,,,2178,1492
938,2458,,,2168,1466
939,2461,,,2204,1456
940,2463,,,2165,1453
941,2466,,,2172,1443
942,2469,,,2168,1459
943,2471,,,2159,1485
944,2474,,,2114,1495
945,2477,,,2094,1501
946,2479,,,2046,1543
947,2482,,,2001,1546
948,2485,,,1998,1579
949,2487,,,1936,1604
950,2490,,,1878,1627
951,2493,,,1820,1662
952,2496,,,1749,1679
953,2499,,,1720,1695
954,2502,,,1662,1717
955,2504,,,1614,1727
956,2507,,,1556,1740
957,2510,,,1372,1804
958,2512,,,1382,1714
959,2515,,,1475,1737
960,2518,,,1066,1824
961,2520,,,1327,1788
962,2523,,,1173,1756
963,2526,,,1098,1801
964,2528,,,1089,1769
965,2531,,,1111,1798
966,2534,,,1053,1772
967,2536,,,1015,1798
968,2540,,,1089,1772
969,2542,,,1053,1804
970,2545,,,1069,1788
971,2548,,,1115,1772
972,2550,,,1134,1775
973,2553,,,1185,1785
974,2556,,,1224,1772
975,2558,,,1282,1743
976,2561,,,1321,1746
977,2564,,,1398,1724
978,2566,,,1466,1717
979,2569,,,1511,1698
980,2572,,,1556,1672
981,2574,,,1611,1643
982,2577,,,1659,1617
983,2581,,,1824,1630
984,2583,,,1679,1524
985,2586,,,1882,1595
986,2589,,,1885,1566
987,2591,,,1991,1533
988,2594,,,1943,1482
989,2597,,,2081,1485
990,2599,,,2120,1501
991,2602,,,2172,1488
992,2605,,,2175,1479
993,2607,,,2226,1488
994,2610,,,2230,1501
995,2613,,,2230,1501
996,2615,,,2233,1540
997,2618,,,2246,1550
998,2621,,,2223,1579
999,2624,,,2181,1572
1000,2627,,,2143,1598
1001,2629,,,2126,1614
1002,2632,,,2088,1627
1003,2635,,,1991,1643
1004,2637,,,1985,1650
1005,2640,,,1965,1653
1006,2643,,,1904,1624
1007,2645,,,1875,1637
1008,2648,,,1791,1601
1009,2651,,,1759,1646
1010,2653,,,1656,1666
1011,2656,,,1643,1640
1012,2659,,,1604,1659
1013,2661,,,1537,1679
1014,2664,,,1417,1675
1015,2668,,,1337,1685
1016,2670,,,1430,1775
1017,2673,,,1202,1740
1018,2676,,,1231,1795
1019,2678,,,1231,1785
1020,2681,,,1134,1791
1021,2684,,,1069,1836
1022,2686,,,1111,1820
1023,2689,,,1073,1820
1024,2692,,,1053,1836
1025,2694,,,1018,1801
1026,2697,,,1053,1785
1027,2700,,,1031,1795
1028,2702,,,1057,1756
1029,2705,,,1089,1746
1030,2709,,,1124,1730
1031,2711,,,1147,1717
1032,2714,,,1227,1672
1033,2716,,,1272,1662
1034,2719,,,1327,1659
1035,2722,,,1401,1620
1036,2724,,,1459,1624
1037,2727,,,1504,1604
1038,2730,,,1566,1585
1039,2732,,,1637,1588
1040,2735,,,1679,1582
1041,2738,,,1759,1569
1042,2740,,,1843,1569
1043,2743,,,2017,1569
1044,2746,,,1840,1492
1045,2748,,,2068,1620
1046,2752,,,2007,1575
1047,2755,,,2152,1569
1048,2757,,,2152,1527
1049,2760,,,2262,1514
1050,2763,,,2175,1556
1051,2765,,,2281,1504
1052,2768,,,2246,1553
1053,2771,,,2281,1488
1054,2773,,,2291,1530
1055,2776,,,2265,1508
1056,2779,,,2242,1508
1057,2781,,,2233,1524
1058,2784,,,2213,1540
1059,2787,,,2175,1530
1060,2789,,,2133,1591
1061,2792,,,2097,1582
1062,2796,,,2056,1627
1063,2798,,,1998,1633
1064,2801,,,1943,1666
1065,2803,,,1901,1704
1066,2806,,,1807,1704
1067,2809,,,1756,1740
1068,2811,,,1727,1753
1069,2814,,,1630,1756
1070,2817,,,1388,1859
1071,2819,,,1450,1775
1072,2822,,,1466,1824
1073,2825,,,1105,1804
1074,2827,,,1237,1843
1075,2830,,,1137,1785
1076,2833,,,1037,1833
1077,2835,,,976,1814
1078,2839,,,979,1795
1079,2841,,,953,1801
1080,2844,,,857,1785
1081,2846,,,889,1762
1082,2849,,,886,1730
1083,2851,,,886,1759
1084,2854,,,912,1749
1085,2856,,,931,1733
1086,2859,,,973,1724
1087,2861,,,986,1724
1088,2864,,,1050,1720
1089,2866,,,1108,1717
1090,2869,,,1156,1714
1091,2872,,,1247,1701
1092,2874,,,1321,1679
1093,2877,,,1388,1669
1094,2881,,,1479,1659
1095,2883,,,1550,1617
1096,2886,,,1595,1604
1097,2889,,,1627,1604
1098,2891,,,1927,1627
1099,2894,,,1646,1504
1100,2897,,,1911,1553
1101,2899,,,1907,1498
1102,2902,,,2146,1562
1103,2905,,,2027,1376
1104,2907,,,2300,1488
1105,2910,,,2255,1434
1106,2913,,,2336,1405
1107,2915,,,2329,1450
1108,2918,,,2497,1379
1109,2922,,,2475,1488
1110,2924,,,2462,1446
1111,2927,,,2465,1466
1112,2929,,,2458,1543
1113,2932,,,2439,1521
1114,2935,,,2416,1569
1115,2937,,,2371,1595
1116,2940,,,2358,1633
1117,2943,,,2262,1650
1118,2945,,,2201,1669
1119,2948,,,2117,1714
1120,2951,,,2101,1711
1121,2953,,,2014,1711
1122,2956,,,1923,1730
1123,2959,,,1827,1720
1124,2961,,,1737,1785
1125,2965,,,1646,1698
1126,2968,,,1691,1772
1127,2970,,,1456,1833
1128,2973,,,1301,1727
1129,2976,,,1537,1849
1130,2978,,,1098,1827
1131,2981,,,1124,1788
1132,2984,,,1185,1817
1133,2986,,,934,1878
1134,2989,,,912,1840
1135,2991,,,902,1840
1136,2994,,,834,1846
1137,2996,,,850,1869
1138,2999,,,783,1853
1139,3001,,,812,1830
1140,3004,,,763,1833
1141,3006,,,795,1830
1142,3010,,,808,1801
1143,3012,,,837,1785
1144,3015,,,889,1769
1145,3017,,,921,1756
1146,3020,,,1002,1727
1147,3022,,,1066,1711
1148,3025,,,1173,1675
1149,3028,,,1260,1637
1150,3030,,,1318,1598
1151,3033,,,1350,1588
1152,3036,,,1453,1591
1153,3038,,,1517,1559
1154,3041,,,1595,1543
1155,3044,,,1659,1543
1156,3046,,,1778,1485
1157,3050,,,1872,1495
1158,3053,,,2085,1617
1159,3055,,,1930,1430
1160,3058,,,2297,1434
1161,3060,,,2242,1430
1162,3063,,,2291,1498
1163,3066,,,2300,1434
1164,3068,,,2413,1469
1165,3071,,,2375,1492
1166,3074,,,2507,1479
1167,3076,,,2384,1537
1168,3079,,,2455,1472
1169,3082,,,2394,1527
1170,3084,,,2394,1543
1171,3087,,,2358,1546
1172,3090,,,2358,1582
1173,3093,,,2297,1572
1174,3096,,,2242,1595
1175,3099,,,2159,1633
1176,3101,,,2120,1640
1177,3104,,,2065,1685
1178,3107,,,1991,1679
1179,3109,,,1933,1714
1180,3112,,,1840,1720
1181,3115,,,1737,1743
1182,3117,,,1656,1882
1183,3120,,,1637,1772
1184,3123,,,1537,1795
1185,3125,,,1488,1824
1186,3128,,,1308,1807
1187,3131,,,1189,1788
1188,3133,,,1324,1878
1189,3137,,,1108,1766
1190,3140,,,1127,1753
1191,3142,,,1156,1749
1192,3145,,,1024,1749
1193,3147,,,979,1769
1194,3150,,,989,1720
1195,3152,,,1005,1740
1196,3155,,,934,1740
1197,3158,,,937,1733
1198,3160,,,970,1717
1199,3163,,,970,1724
1200,3165,,,992,1727
1201,3168,,,1005,1724
1202,3170,,,1063,1724
1203,3173,,,1118,1714
1204,3176,,,1127,1714
1205,3179,,,1198,1701
1206,3182,,,1224,1704
1207,3185,,,1321,1701
1208,3187,,,1411,1695
1209,3190,,,1524,1672
1210,3192,,,1801,1633
1211,3195,,,1746,1588
1212,3198,,,1791,1582
1213,3200,,,1846,1630
1214,3203,,,1907,1501
1215,3206,,,2110,1527
1216,3208,,,2101,1450
1217,3211,,,2114,1540
1218,3214,,,2226,1469
1219,3216,,,2152,1550
1220,3219,,,2284,1456
1221,3223,,,2294,1504
1222,3225,,,2323,1504
1223,3228,,,2304,1514
1224,3231,,,2336,1508
1225,3233,,,2291,1543
1226,3236,,,2281,1553
1227,3239,,,2268,1575
1228,3241,,,2233,1595
1229,3244,,,2143,1598
1230,3247,,,2104,1646
1231,3249,,,2049,1637
1232,3252,,,2004,1669
1233,3255,,,1930,1659
1234,3257,,,1856,1698
1235,3260,,,1769,1704
1236,3264,,,1650,1769
1237,3266,,,1682,1691
1238,3269,,,1614,1698
1239,3272,,,1488,1769
1240,3274,,,1408,1711
1241,3277,,,1324,1798
1242,3279,,,1395,1782
1243,3282,,,1147,1798
1244,3285,,,1169,1795
1245,3287,,,1195,1811
1246,3290,,,1060,1814
1247,3293,,,1021,1804
1248,3295,,,1073,1807
1249,3298,,,986,1820
1250,3301,,,1031,1801
1251,3303,,,1021,1769
1252,3307,,,1028,1778
1253,3310,,,1069,1785
1254,3312,,,1092,1749
1255,3315,,,1124,1727
1256,3318,,,1173,1724
1257,3320,,,1234,1695
1258,3323,,,1289,1659
1259,3325,,,1372,1633
1260,3328,,,1401,1611
1261,3331,,,1501,1595
1262,3333,,,1521,1566
1263,3336,,,1585,1556
1264,3339,,,1666,1559
1265,3341,,,1701,1533
1266,3344,,,1727,1527
1267,3347,,,1814,1514
1268,3350,,,1917,1530
1269,3353,,,1843,1511
1270,3356,,,1965,1582
1271,3358,,,1985,1575
1272,3361,,,2104,1553
1273,3364,,,2068,1546
1274,3366,,,2188,1562
1275,3369,,,2110,1604
1276,3372,,,2246,1556
1277,3374,,,2204,1620
1278,3377,,,2236,1559
1279,3380,,,2236,1595
1280,3382,,,2242,1579
1281,3385,,,2230,1608
1282,3388,,,2207,1588
1283,3390,,,2201,1598
1284,3394,,,2136,1598
1285,3397,,,2120,1588
1286,3399,,,2056,1598
1287,3402,,,2036,1611
1288,3405,,,1952,1595
1289,3407,,,1898,1662
1290,3410,,,1843,1650
1291,3412,,,1749,1675
1292,3415,,,1711,1695
1293,3418,,,1650,1717
1294,3420,,,1540,1762
1295,3423,,,1521,1727
1296,3426,,,1301,1782
1297,3428,,,1469,1843
1298,3431,,,1179,1778
1299,3435,,,1195,1859
1300,3437,,,1240,1807
1301,3440,,,1111,1859
1302,3443,,,1031,1846
1303,3445,,,1040,1798
1304,3448,,,1050,1807
1305,3451,,,953,1807
1306,3453,,,963,1795
1307,3456,,,1024,1746
1308,3458,,,986,1746
1309,3461,,,1008,1720
1310,3463,,,1008,1708
1311,3466,,,1069,1685
1312,3469,,,1102,1685
1313,3471,,,1150,1666
1314,3474,,,1240,1653
1315,3478,,,1260,1627
1316,3480,,,1359,1617
1317,3483,,,1430,1614
1318,3486,,,1498,1601
1319,3488,,,1540,1604
1320,3491,,,1630,1575
1321,3494,,,1685,1559
1322,3496,,,1727,1550
1323,3499,,,1907,1511
1324,3502,,,1859,1514
1325,3504,,,1946,1508
1326,3507,,,2030,1527
1327,3510,,,2165,1463
1328,3512,,,2085,1459
1329,3515,,,2300,1427
1330,3518,,,2223,1492
1331,3521,,,2288,1421
1332,3524,,,2271,1479
1333,3527,,,2297,1482
1334,3529,,,2278,1511
1335,3532,,,2271,1511
1336,3535,,,2281,1537
1337,3537,,,2271,1579
1338,3540,,,2255,1588
1339,3542,,,2207,1620
1340,3545,,,2168,1650
1341,3548,,,2094,1701
1342,3550,,,2081,1708
1343,3553,,,2027,1749
1344,3556,,,1975,1769
1345,3558,,,1907,1778
1346,3562,,,1836,1769
1347,3565,,,1740,1791
1348,3567,,,1662,1824
1349,3570,,,1617,1843
1350,3573,,,1569,1791
1351,3575,,,1446,1820
1352,3578,,,1253,1759
1353,3581,,,1450,1872
1354,3583,,,1189,1804
1355,3586,,,1144,1801
1356,3589,,,1218,1772
1357,3591,,,1060,1785
1358,3594,,,1011,1778
1359,3597,,,1024,1740
1360,3599,,,1053,1701
1361,3602,,,979,1727
1362,3605,,,989,1727
1363,3608,,,1021,1730
1364,3611,,,1008,1769
1365,3613,,,1050,1724
1366,3616,,,1024,1746
1367,3619,,,1102,1743
1368,3621,,,1127,1733
1369,3624,,,1179,1749
1370,3626,,,1247,1724
1371,3629,,,1301,1695
1372,3632,,,1372,1669
1373,3634,,,1437,1653
1374,3637,,,1485,1614
1375,3640,,,1546,1582
1376,3642,,,1620,1566
1377,3645,,,1788,1553
1378,3649,,,1685,1492
1379,3651,,,1840,1524
1380,3654,,,2017,1466
1381,3657,,,2046,1414
1382,3659,,,1988,1398
1383,3662,,,2213,1421
1384,3665,,,2172,1463
1385,3667,,,2217,1475
1386,3670,,,2213,1511
1387,3673,,,2284,1504
1388,3675,,,2320,1540
1389,3678,,,2342,1521
1390,3681,,,2333,1569
1391,3683,,,2336,1575
1392,3686,,,2320,1620
1393,3690,,,2297,1624
1394,3692,,,2262,1653
1395,3695,,,2220,1666
1396,3698,,,2184,1672
1397,3700,,,2091,1711
1398,3703,,,2043,1711
1399,3706,,,2010,1733
1400,3708,,,1940,1701
1401,3711,,,1875,1695
1402,3713,,,1762,1727
1403,3716,,,1637,1820
1404,3719,,,1659,1727
1405,3721,,,1598,1740
1406,3724,,,1405,1875
1407,3727,,,1292,1727
1408,3729,,,1485,1824
1409,3733,,,1047,1836
1410,3736,,,1163,1801
1411,3738,,,1224,1814
1412,3741,,,986,1869
1413,3744,,,989,1836
1414,3746,,,979,1756
1415,3749,,,986,1769
1416,3751,,,924,1778
1417,3753,,,928,1775
1418,3756,,,957,1733
1419,3758,,,963,1737
1420,3761,,,966,1740
1421,3763,,,957,1688
1422,3766,,,1018,1675
1423,3769,,,1073,1666
1424,3771,,,1124,1653
1425,3774,,,1214,1637
1426,3778,,,1266,1601
1427,3780,,,1356,1591
1428,3783,,,1437,1566
1429,3786,,,1469,1572
1430,3788,,,1553,1572
1431,3791,,,1608,1566
1432,3794,,,1679,1553
1433,3796,,,1733,1556
1434,3799,,,1949,1550
1435,3801,,,1862,1475
1436,3804,,,2085,1611
1437,3807,,,1988,1543
1438,3809,,,2178,1579
1439,3812,,,2107,1498
1440,3815,,,2281,1569
1441,3818,,,2191,1614
1442,3821,,,2239,1569
1443,3824,,,2265,1620
1444,3826,,,2291,1562
1445,3829,,,2288,1591
1446,3832,,,2291,1566
1447,3834,,,2291,1582
1448,3837,,,2297,1582
1449,3840,,,2275,1585
1450,3842,,,2226,1585
1451,3845,,,2223,1601
1452,3848,,,2136,1598
1453,3850,,,2094,1666
1454,3853,,,2052,1637
1455,3856,,,2017,1682
1456,3858,,,1949,1679
1457,3862,,,1862,1714
1458,3865,,,1778,1756
1459,3867,,,1682,1795
1460,3870,,,1656,1788
1461,3873,,,1614,1811
1462,3875,,,1456,1856
1463,3878,,,1289,1782
1464,3881,,,1434,1943
1465,3883,,,1179,1830
1466,3886,,,1137,1846
1467,3888,,,1179,1798
1468,3891,,,1028,1817
1469,3894,,,999,1804
1470,3896,,,953,1753
1471,3899,,,986,1685
1472,3901,,,934,1708
1473,3905,,,921,1691
1474,3907,,,947,1679
1475,3910,,,950,1659
1476,3912,,,970,1656
1477,3915,,,979,1627
1478,3917,,,1018,1624
1479,3920,,,1057,1611
1480,3923,,,1105,1620
1481,3925,,,1169,1604
1482,3928,,,1221,1579
1483,3930,,,1279,1601
1484,3933,,,1372,1588
1485,3936,,,1488,1582
1486,3938,,,1553,1562
1487,3941,,,1620,1562
1488,3944,,,1720,1527
1489,3947,,,1769,1530
1490,3950,,,2085,1479
1491,3953,,,1949,1424
1492,3955,,,2191,1533
1493,3958,,,2117,1443
1494,3961,,,2317,1533
1495,3963,,,2149,1472
1496,3966,,,2342,1521
1497,3969,,,2349,1504
1498,3971,,,2416,1537
1499,3974,,,2426,1514
1500,3977,,,2423,1527
1501,3979,,,2455,1611
1502,3982,,,2391,1569
1503,3985,,,2371,1653
1504,3987,,,2333,1675
1505,3991,,,2268,1737
1506,3994,,,2188,1766
1507,3996,,,2097,1807
1508,3999,,,2004,1827
1509,4002,,,1972,1856
1510,4004,,,1833,1875
1511,4007,,,1711,1898
1512,4010,,,1656,1878
1513,4012,,,1620,1914
1514,4015,,,1537,1875
1515,4017,,,1240,1917
1516,4020,,,1405,1901
1517,4023,,,1289,1743
1518,4025,,,1031,1759
1519,4028,,,1224,1737
1520,4032,,,1105,1720
1521,4034,,,1024,1749
1522,4037,,,1024,1727
1523,4040,,,1053,1720
1524,4042,,,999,1717
1525,4045,,,947,1724
1526,4047,,,982,1708
1527,4050,,,995,1724
1528,4052,,,973,1720
1529,4055,,,1002,1704
1530,4058,,,1037,1708
1531,4060,,,1069,1698
1532,4063,,,1092,1682
1533,4065,,,1150,1666
1534,4068,,,1211,1646
1535,4071,,,1237,1630
1536,4074,,,1324,1614
1537,4077,,,1350,1572
1538,4080,,,1379,1550
1539,4082,,,1453,1495
1540,4085,,,1527,1479
1541,4088,,,1669,1588
1542,4090,,,1546,1398
1543,4093,,,1875,1488
1544,4096,,,1733,1427
1545,4098,,,1865,1537
1546,4101,,,1882,1350
1547,4104,,,2068,1537
1548,4106,,,2007,1495
1549,4109,,,2059,1546
1550,4112,,,2146,1537
1551,4114,,,2213,1537
1552,4118,,,2217,1617
1553,4121,,,2220,1575
1554,4123,,,2259,1643
1555,4126,,,2294,1662
1556,4129,,,2262,1666
1557,4131,,,2262,1672
1558,4134,,,2271,1704
1559,4137,,,2268,1695
1560,4139,,,2242,1695
1561,4142,,,2188,1685
1562,4145,,,2217,1704
1563,4147,,,2159,1659
1564,4150,,,2101,1688
1565,4152,,,2075,1695
1566,4155,,,2078,1708
1567,4158,,,2010,1695
1568,4161,,,1901,1666
1569,4164,,,1904,1688
1570,4167,,,1869,1666
1571,4169,,,1782,1688
1572,4172,,,1717,1711
1573,4175,,,1633,1720
1574,4177,,,1630,1650
1575,4180,,,1514,1691
1576,4183,,,1469,1753
1577,4185,,,1488,1685
1578,4188,,,1379,1759
1579,4191,,,1298,1749
1580,4193,,,1311,1724
1581,4196,,,1205,1727
1582,4199,,,1131,1704
1583,4202,,,1198,1717
1584,4205,,,1095,1701
1585,4208,,,1066,1691
1586,4210,,,1105,1682
1587,4213,,,1047,1682
1588,4216,,,1024,1659
1589,4218,,,1073,1675
1590,4221,,,1073,1672
1591,4224,,,1079,1685
1592,4226,,,1095,1688
1593,4229,,,1121,1682
1594,4232,,,1163,1704
1595,4234,,,1182,1714
1596,4237,,,1211,1727
1597,4239,,,1279,1717
1598,4242,,,1305,1701
1599,4246,,,1340,1749
1600,4248,,,1392,1720
1601,4251,,,1469,1730
1602,4254,,,1504,1724
1603,4256,,,1588,1708
1604,4259,,,1630,1691
1605,4262,,,1633,1679
1606,4264,,,1714,1666
1607,4267,,,1872,1766
1608,4270,,,1724,1572
1609,4272,,,2030,1601
1610,4275,,,1933,1624
1611,4278,,,1975,1640
1612,4280,,,2033,1543
1613,4283,,,2036,1598
1614,4286,,,2139,1550
1615,4289,,,2175,1556
1616,4292,,,2201,1572
1617,4295,,,2184,1598
1618,4297,,,2217,1556
1619,4300,,,2194,1604
1620,4303,,,2181,1559
1621,4305,,,2220,1611
1622,4308,,,2172,1627
1623,4311,,,2152,1620
1624,4313,,,2110,1643
1625,4316,,,2110,1617
1626,4319,,,2023,1659
1627,4321,,,2020,1653
1628,4324,,,1991,1659
1629,4326,,,1936,1669
1630,4330,,,1865,1633
1631,4333,,,1849,1672
1632,4335,,,1798,1620
1633,4338,,,1766,1646
1634,4341,,,1717,1614
1635,4343,,,1704,1620
1636,4346,,,1620,1614
1637,4349,,,1579,1601
1638,4351,,,1537,1627
1639,4354,,,1504,1575
1640,4357,,,1485,1582
1641,4359,,,1434,1585
1642,4362,,,1382,1585
1643,4365,,,1295,1598
1644,4367,,,1321,1582
1645,4370,,,1256,1591
1646,4374,,,1308,1601
1647,4376,,,1192,1611
1648,4379,,,1227,1662
1649,4382,,,1208,1614
1650,4384,,,1185,1691
1651,4387,,,1144,1733
1652,4390,,,1231,1733
1653,4392,,,1185,1756
1654,4395,,,1205,1759
1655,4398,,,1263,1762
1656,4400,,,1253,1762
1657,4403,,,1314,1788
1658,4406,,,1453,1759
1659,4408,,,1427,1749
1660,4411,,,1408,1749
1661,4413,,,1466,1762
1662,4417,,,1550,1708
1663,4420,,,1598,1711
1664,4422,,,1614,1688
1665,4425,,,1704,1698
1666,4428,,,1733,1650
1667,4430,,,1791,1643
1668,4433,,,1843,1630
1669,4436,,,1872,1633
1670,4438,,,1936,1617
1671,4441,,,1946,1598
1672,4444,,,1991,1598
1673,4446,,,2059,1588
1674,4449,,,2056,1575
1675,4452,,,2068,1601
1676,4454,,,2039,1633
1677,4458,,,1981,1682
1678,4461,,,1907,1717
1679,4463,,,1862,1733
1680,4466,,,1817,1775
1681,4469,,,1778,1801
1682,4471,,,1724,1820
1683,4474,,,1688,1824
1684,4477,,,1640,1814
1685,4479,,,1601,1840
1686,4482,,,1591,1804
1687,4485,,,1550,1798
1688,4487,,,1543,1785
1689,4490,,,1559,1762
1690,4493,,,1511,1756
1691,4495,,,1543,1717
1692,4498,,,1530,1698
1693,4501,,,1530,1675
1694,4504,,,1572,1659
1695,4507,,,1559,1637
1696,4509,,,1588,1627
1697,4512,,,1582,1591
1698,4515,,,1585,1591
1699,4517,,,1604,1569
1700,4520,,,1627,1553
1701,4523,,,1627,1543
1702,4525,,,1617,1543
1703,4528,,,1630,1533
1704,4531,,,1624,1521
1705,4533,,,1637,1508
1706,4536,,,1627,1492
1707,4539,,,1630,1511
1708,4541,,,1611,1495
1709,4545,,,1611,1501
1710,4548,,,1611,1504
1711,4550,,,1595,1524
1712,4553,,,1608,1556
1713,4556,,,1588,1559
1714,4558,,,1588,1588
1715,4561,,,1595,1608
1716,4564,,,1582,1637
1717,4566,,,1595,1643
1718,4569,,,1582,1653
1719,4572,,,1617,1691
1720,4574,,,1624,1727
1721,4577,,,1633,1720
1722,4580,,,1656,1740
1723,4582,,,1656,1733
1724,4586,,,1675,1743
1725,4588,,,1695,1743
1726,4591,,,1717,1743
1727,4594,,,1717,1756
1728,4596,,,1727,1720
1729,4599,,,1727,1714
1730,4602,,,1727,1724
1731,4604,,,1727,1711
1732,4607,,,1720,1724
1733,4610,,,1708,1714
1734,4612,,,1695,1704
1735,4615,,,1701,1701
1736,4618,,,1698,1711
1737,4620,,,1701,1701
1738,4623,,,1691,1711
1739,4626,,,1679,1714
1740,4629,,,1675,1701
1741,4632,,,1672,1714
1742,4635,,,1669,1711
1743,4637,,,1666,1708
1744,4640,,,1666,1708
1745,4643,,,1640,1695
1746,4645,,,1640,1691
1747,4648,,,1640,1685
1748,4651,,,1624,1688
1749,4653,,,1620,1682
1750,4656,,,1620,1656
1751,4659,,,1630,1656
1752,4661,,,1614,1627
1753,4664,,,1611,1617
1754,4667,,,1608,1604
1755,4669,,,1620,1585
1756,4673,,,1608,1582
1757,4675,,,1601,1559
1758,4678,,,1601,1553
1759,4681,,,1588,1550
1760,4683,,,1595,1556
1761,4686,,,1604,1553
1762,4689,,,1604,1562
1763,4691,,,1604,1559
1764,4694,,,1611,1546
1765,4697,,,1611,1569
1766,4699,,,1627,1585
1767,4702,,,1633,1585
1768,4705,,,1637,1588
1769,4707,,,1656,1614
1770,4710,,,1656,1601
1771,4714,,,1646,1630
1772,4716,,,1650,1637
1773,4719,,,1653,1653
1774,4722,,,1650,1646
1775,4724,,,1662,1672
1776,4727,,,1650,1672
1777,4730,,,1646,1679
1778,4732,,,1630,1688
1779,4735,,,1656,1695
1780,4738,,,1653,1704
1781,4740,,,1653,1708
1782,4743,,,1653,1714
1783,4746,,,1653,1711
1784,4748,,,1669,1711
1785,4751,,,1679,1717
1786,4754,,,1695,1740
1787,4757,,,1698,1733
1788,4760,,,1695,1733
1789,4762,,,1698,1740
1790,4765,,,1688,1727
1791,4768,,,1691,1743
1792,4770,,,1695,1727
1793,4773,,,1704,1743
1794,4776,,,1695,1737
1795,4778,,,1685,1724
1796,4781,,,1662,1714
1797,4784,,,1662,1717
1798,4786,,,1650,1701
1799,4789,,,1646,1682
1800,4792,,,1643,1675
1801,4794,,,1650,1666
1802,4797,,,1646,1650
1803,4801,,,1643,1637
1804,4803,,,1637,1637
1805,4806,,,1633,1614
1806,4809,,,1630,1627
1807,4811,,,1633,1620
1808,4814,,,1643,1617
1809,4817,,,1627,1617
1810,4819,,,1637,1617
1811,4822,,,1637,1617
1812,4825,,,1637,1608
1813,4827,,,1627,1617
1814,4830,,,1637,1620
1815,4833,,,1633,1617
1816,4835,,,1633,1614
1817,4838,,,1633,1620
1818,4842,,,1633,1608
1819,4844,,,1633,1598
1820,4847,,,1620,1611
1821,4849,,,1630,1591
1822,4852,,,1620,1604
1823,4855,,,1633,1601
1824,4857,,,1614,1617
1825,4860,,,1614,1608
1826,4863,,,1614,1617
1827,4865,,,1617,1617
1828,4868,,,1614,1633
1829,4871,,,1620,1640
1830,4873,,,1633,1662
1831,4876,,,1617,1666
1832,4879,,,1630,1672
1833,4881,,,1640,1679
1834,4885,,,1650,1708
1835,4888,,,1659,1714
1836,4890,,,1666,1714
1837,4893,,,1669,1717
1838,4896,,,1675,1720
1839,4898,,,1675,1711
1840,4901,,,1685,1724
1841,4904,,,1688,1724
1842,4906,,,1698,1720
1843,4909,,,1698,1711
1844,4912,,,1679,1701
1845,4914,,,1672,1695
1846,4917,,,1675,1701
1847,4920,,,1679,1701
1848,4922,,,1669,1695
1849,4925,,,1666,1682
1850,4929,,,1656,1672
1851,4931,,,1659,1662
1852,4934,,,1659,1675
1853,4936,,,1656,1675
1854,4939,,,1646,1666
1855,4942,,,1643,1662
1856,4944,,,1646,1650
1857,4947,,,1630,1653
1858,4950,,,1630,1640
1859,4952,,,1630,1653
1860,4955,,,1624,1643
1861,4958,,,1617,1627
1862,4960,,,1617,1630
1863,4963,,,1604,1614
1864,4966,,,1604,1620
1865,4968,,,1608,1620
1866,4972,,,1608,1614
1867,4975,,,1601,1604
1868,4977,,,1604,1611
1869,4980,,,1608,1598
1870,4983,,,1614,1601
1871,4985,,,1608,1601
1872,4988,,,1627,1598
1873,4991,,,1624,1614
1874,4993,,,1624,1604
1875,4996,,,1627,1604
1876,4999,,,1617,1611
1877,5001,,,1643,1617
